"","SHOT_CLOCK","SHOT_NUMBER","SHOT_DIST","SHOT_RESULT","TOUCH_TIME","PERIOD","PTS_TYPE","DRIBBLES","CLOSE_DEF_DIST"
"1",13.7,1,7,"missed",9.5,1,2,9,0.8
"2",15.2,2,5.4,"missed",7.9,1,2,8,2.5
"3",12.3,3,23.2,"made",5.6,1,3,0,3.5
"4",0,4,27.1,"missed",2,1,3,0,3.9
"5",20.8,5,3.1,"made",2.7,2,2,2,3.5
"6",16.2,6,5.7,"missed",8.3,2,2,7,0.2
"7",15.7,7,2.9,"made",0,2,2,0,1.3
"8",14.4,8,23.2,"missed",7,3,3,0,2.6
"9",21.3,9,23.9,"missed",1,3,3,0,7.5
"10",1.4,10,15.4,"made",2.6,3,2,1,4.7
"11",0,11,4.3,"made",17.3,3,2,18,2.2
"12",11.9,12,5.3,"missed",7.8,4,2,8,2.5
"13",9.1,13,3.3,"made",2.8,4,2,4,5.9
"14",2,14,25.9,"made",4.3,4,3,0,4.2
"15",2.9,15,26.8,"made",1.4,4,3,0,3.7
"16",1.5,16,2.6,"made",21.7,4,2,22,4.2
"17",10.6,1,14.8,"made",14.3,1,2,16,4.8
"18",8.2,2,19.8,"missed",4.9,1,2,2,3.3
"19",19.7,3,4.3,"made",6.7,1,2,9,0
"20",10.2,4,16.9,"made",10.1,1,2,8,4.6
"21",2.9,5,22.6,"missed",11.4,1,2,13,4.7
"22",20.2,6,10.3,"made",2.5,1,2,3,3.1
"23",11.5,7,2.9,"made",11.7,1,2,13,3.2
"24",9.6,8,7.9,"missed",14.2,1,2,14,3.1
"25",4.7,9,21.8,"made",10.1,2,2,3,4.2
"26",4.8,10,4.8,"missed",17.9,2,2,18,0
"27",4.2,11,4,"missed",0,2,2,0,0
"28",21.8,12,3.5,"made",2.2,2,2,1,0.7
"29",12.4,13,20,"missed",2.2,2,2,2,5.1
"30",16.5,14,5.7,"made",7.2,2,2,8,0
"31",21,15,2.1,"made",3.4,2,2,4,8.8
"32",0,16,41,"missed",1,2,3,0,15.8
"33",18.5,17,10.7,"missed",4.4,3,2,6,3.2
"34",4.1,18,2.1,"made",6,3,2,2,1
"35",20.5,19,5.6,"made",1.3,3,2,1,2.4
"36",18.6,20,1.2,"missed",1,3,2,0,6.7
"37",1.2,21,18.9,"made",5.1,3,2,4,4.9
"38",14.4,22,5.8,"missed",9.3,3,2,9,1.3
"39",8,23,16.6,"missed",10.4,3,2,4,4.3
"40",6.8,1,2.7,"made",3.9,1,2,3,1.1
"41",5.8,2,9.3,"missed",3.8,1,2,3,3.2
"42",7.4,3,4.3,"made",11.1,1,2,10,2
"43",22.5,4,5.8,"made",1.9,1,2,1,2.5
"44",4.5,5,25.1,"missed",19.1,1,3,18,4.7
"45",7.7,6,26,"made",2.7,2,3,0,5.7
"46",6.9,7,4.1,"made",7.9,2,2,1,2.1
"47",11,8,27.9,"missed",4,2,3,0,7.4
"48",21.3,9,7.7,"made",2.2,2,2,0,15.9
"49",13.7,10,12.8,"missed",2.3,2,2,0,2.4
"50",9,11,11.9,"made",12.4,2,2,12,4.2
"51",14.6,12,2.5,"missed",4.3,2,2,3,0.3
"52",5,13,7.4,"missed",2.2,2,2,0,1.8
"53",9.3,14,2.4,"missed",14.8,2,2,13,3.5
"54",0,15,25.9,"missed",11.8,2,3,6,4
"55",7.6,16,11,"missed",7.3,3,2,3,4
"56",8.3,17,25.6,"made",4.8,3,3,4,4.9
"57",15.3,18,25.3,"missed",7.9,3,3,7,7.1
"58",3.9,19,18.7,"made",7.9,3,2,6,4.9
"59",1.7,20,19.2,"made",12.3,3,2,13,4.2
"60",16.1,21,25.2,"made",7.6,3,3,6,4.8
"61",11.7,22,25.4,"missed",12.3,3,3,16,3.3
"62",19.9,23,2.2,"made",3.4,3,2,3,2.9
"63",5,24,10.9,"missed",17,3,2,17,3.3
"64",7.8,25,16,"made",8.7,4,2,6,4
"65",2.9,26,25.3,"missed",5.7,4,3,5,4
"66",14.8,27,6.4,"missed",8.7,4,2,9,2.6
"67",2.3,28,22.7,"made",15.7,4,2,6,3.6
"68",3.5,29,25.3,"missed",14.5,4,3,14,6.1
"69",1.5,30,1,"missed",22.5,4,2,18,0
"70",2,31,23.5,"missed",20,4,2,6,3.3
"71",1,32,3.2,"missed",23.3,5,2,24,1.4
"72",10.7,33,25.8,"missed",5.7,5,3,4,6.1
"73",6.2,34,5.6,"missed",17.7,5,2,18,3.1
"74",24,35,25.9,"made",1.2,5,3,0,12.8
"75",7.3,1,5.2,"made",8,1,2,4,2.2
"76",19.2,2,7.3,"missed",3.9,1,2,4,5.5
"77",19.5,3,8.1,"made",1.4,1,2,1,4.3
"78",11,4,7.5,"made",13.3,1,2,15,5.1
"79",14.6,5,3.2,"made",9.3,1,2,6,3.4
"80",11.2,6,22.9,"missed",6.3,2,2,2,4.2
"81",14.3,7,24.7,"made",8.4,2,3,6,9.3
"82",11.1,8,5.1,"made",0,2,2,0,2.1
"83",15,9,25.5,"made",4.5,2,3,6,4.1
"84",15.6,10,22.7,"made",6.8,3,2,8,3.9
"85",17.1,11,25.6,"missed",6.2,3,3,6,5
"86",3.9,12,21.3,"made",9.5,3,2,3,4.3
"87",17.3,13,24.9,"made",5.8,3,3,5,3
"88",18,14,31.1,"missed",1,3,3,0,5.2
"89",19.9,15,5.7,"missed",4.5,3,2,5,2
"90",7.1,16,19.2,"made",5.2,3,2,2,3.3
"91",13.1,17,24.9,"missed",3.8,3,3,2,2.8
"92",6.6,18,25.6,"made",14.8,3,3,16,6.3
"93",5.6,19,25.3,"missed",7.9,3,3,6,5.3
"94",21.1,20,3.7,"made",3.6,3,2,3,46.9
"95",2.1,21,4.9,"made",2.4,4,2,2,2.2
"96",2.3,22,23.1,"missed",6.8,4,2,1,3.9
"97",3.5,23,21.2,"missed",5.9,4,2,1,4.5
"98",1.6,24,6.2,"made",8.4,4,2,4,0.9
"99",4,25,26.5,"missed",20.1,4,3,21,4.6
"100",18,1,1.7,"made",4.1,1,2,2,2.2
"101",20.3,2,25.9,"missed",2.6,1,3,0,9.7
"102",20.8,3,7.8,"missed",3.6,1,2,5,3
"103",22,4,5.5,"made",2.2,1,2,1,33.3
"104",7.5,5,24.4,"missed",6.1,1,2,4,4.8
"105",18.4,6,3.2,"made",6.1,2,2,6,0.7
"106",0.7,7,34.7,"missed",2.6,3,3,0,3.9
"107",7.9,8,24.7,"missed",5.4,3,3,7,4.2
"108",20.2,9,9.5,"missed",3,3,2,3,1.4
"109",8.9,10,22.3,"missed",6.8,4,2,6,6.3
"110",17.3,11,3.6,"made",6.2,4,2,7,2.5
"111",2.8,12,27.9,"missed",1.8,4,3,1,6.1
"112",5.7,13,6,"made",18.3,4,2,21,3
"113",5.5,14,25.2,"made",10.8,4,3,12,4.3
"114",24,1,5,"made",3.3,1,2,1,14.7
"115",14.4,2,3.1,"made",0.7,1,2,0,0.9
"116",2.3,3,18.3,"made",8.3,1,2,4,3
"117",5.3,4,20.3,"missed",2.6,1,2,1,4.5
"118",22,5,4.8,"made",2.2,1,2,2,11.5
"119",0,6,25.5,"made",10.7,1,3,11,4.7
"120",18.3,7,24.5,"missed",3.5,2,3,3,8.4
"121",8.5,8,23.7,"missed",4.3,2,2,3,5.1
"122",3.7,9,26.5,"missed",7.9,2,3,5,4.6
"123",9,10,7.2,"missed",2.8,2,2,2,4.3
"124",8,11,7,"made",6.5,2,2,3,2.9
"125",0,12,41.9,"missed",0.7,2,3,0,1.9
"126",15.4,13,12.6,"missed",2.3,3,2,1,6
"127",4,14,23.7,"missed",3,3,3,0,4.3
"128",20,15,5,"made",2,3,2,1,2.7
"129",5,16,25.6,"missed",19.3,3,3,18,6.2
"130",12.8,17,5.6,"missed",7.8,3,2,10,2
"131",13.2,1,20.8,"missed",0.8,1,2,0,6
"132",24,2,2.8,"made",5,1,2,2,8.9
"133",12,3,4.2,"made",2.8,1,2,2,1
"134",19.5,4,18.7,"made",3,1,2,3,4.9
"135",11,5,15,"missed",5.8,1,2,1,5.5
"136",9.2,6,11.5,"made",5.2,1,2,3,3.9
"137",15,7,6.8,"missed",10.7,1,2,10,4.4
"138",19.9,8,3.8,"made",4.6,1,2,4,3.6
"139",0,9,26.3,"missed",20.9,1,3,14,2.7
"140",10,10,20.4,"missed",1.6,2,2,1,7.7
"141",22,11,6.5,"made",2.6,2,2,3,3
"142",8.4,12,25.9,"made",4,2,3,2,8.5
"143",16.2,13,25.7,"missed",2,2,3,1,5.6
"144",8.8,14,28.3,"made",1.2,3,3,0,7.5
"145",12.5,15,24.8,"made",0.7,3,3,0,5.6
"146",18.6,16,22.9,"missed",4.3,3,2,3,4.1
"147",6.6,17,17,"made",18,3,2,16,9.8
"148",13.8,18,9.5,"made",2.3,3,2,3,2.2
"149",13.9,19,7.1,"made",4.4,3,2,6,2.2
"150",12.7,20,11.5,"missed",12.6,3,2,11,2.8
"151",5.8,21,16.5,"missed",5.5,3,2,2,3.4
"152",24,1,14.4,"made",0,1,2,0,11.2
"153",10.8,2,25.3,"made",2,1,3,0,4.5
"154",17.5,3,25,"missed",1.2,1,3,0,4.4
"155",5.5,4,22.9,"missed",3.8,1,2,4,4.9
"156",15.3,5,4,"made",9,1,2,10,1.3
"157",0,6,28.6,"missed",3.4,1,3,7,4.9
"158",14,7,4.5,"made",9,2,2,11,1.6
"159",13.1,8,23.3,"made",5.2,2,2,2,3.3
"160",12.4,9,15.8,"missed",1.8,2,2,0,2.6
"161",7.3,10,20.9,"missed",2.3,2,2,0,3.2
"162",10,11,21.5,"missed",2,2,2,1,8.8
"163",9.9,12,25.4,"missed",1.1,2,3,1,9.2
"164",22.3,13,25.8,"missed",1,3,3,0,5.5
"165",18.2,14,3.5,"made",2.4,3,2,3,1.9
"166",15.3,15,2.9,"made",1.4,3,2,1,2.5
"167",13.7,16,10.4,"made",2.9,3,2,1,6.8
"168",16.7,17,19.5,"missed",6.3,3,2,6,6.5
"169",16.5,18,26.2,"made",7.8,3,3,9,5.4
"170",17.3,19,26.6,"missed",5.3,3,3,6,2.7
"171",14.1,20,11.6,"missed",10,4,2,10,4.1
"172",20,21,8.5,"made",3.7,4,2,4,1.8
"173",9.7,22,25.2,"missed",13.2,4,3,15,4.9
"174",14.8,23,21.7,"made",4,4,2,4,5.9
"175",3.4,24,23.7,"missed",12.2,4,2,14,5
"176",11.9,25,25,"missed",12.5,4,3,15,5.2
"177",21.5,26,5.1,"made",1.8,4,2,1,3.2
"178",3.4,1,6.7,"missed",11.3,1,2,6,1.7
"179",20.5,2,3.3,"made",0.8,1,2,0,2.8
"180",11.6,3,3.6,"made",12.8,1,2,15,1.4
"181",0,4,8.4,"missed",14.2,1,2,13,2.8
"182",21.7,5,20.7,"made",3.4,2,2,3,5
"183",19.4,6,5.7,"made",3.8,2,2,4,0.3
"184",18.6,7,4.8,"missed",5.1,2,2,6,3.4
"185",14.1,8,26.5,"missed",7.6,2,3,7,5.3
"186",15.2,9,3.4,"missed",3.4,2,2,3,0.9
"187",15.5,10,12.8,"missed",6.7,2,2,7,2.8
"188",4.2,11,28.9,"missed",0,2,3,0,4.1
"189",12.4,12,4.6,"made",2.8,3,2,3,1
"190",17.2,13,22.5,"made",6.9,3,2,10,5.2
"191",7.1,14,25.4,"missed",9.2,3,3,10,4.5
"192",1.2,15,36.8,"missed",2.5,4,3,3,4.9
"193",8,16,22.6,"missed",2.6,4,2,2,4.5
"194",23.1,1,6.1,"made",1.4,1,2,0,2.9
"195",20.6,2,8,"made",1.4,1,2,1,3.2
"196",16.1,3,20.6,"made",2.4,1,2,2,3.7
"197",20.6,4,5.8,"missed",3.6,1,2,3,7.5
"198",7.2,5,25.1,"missed",1,1,3,0,7.7
"199",0,6,42.9,"missed",2.1,2,3,3,3.1
"200",19.9,7,24.6,"made",2.7,3,3,2,4.6
"201",12,8,20.2,"made",1.1,3,2,0,6.3
"202",18,9,23.5,"made",2.6,3,2,3,4.2
"203",18.8,10,26.2,"missed",5.4,3,3,6,3.3
"204",15.6,11,25.8,"made",5.4,3,3,6,4.8
"205",19.4,12,28.5,"missed",1.1,3,3,0,5.1
"206",13,13,25.7,"missed",10.5,3,3,15,5
"207",19.8,14,11.3,"missed",2.8,3,2,3,3.4
"208",8,15,2.8,"missed",14.8,3,2,15,3
"209",18.3,16,6.4,"made",4.7,3,2,5,3.2
"210",6.5,1,3,"made",6.6,1,2,5,2.3
"211",14.6,2,2.3,"made",9.6,1,2,6,1.4
"212",11.7,3,1.9,"made",5.8,1,2,3,3.3
"213",17,4,6.1,"missed",7,1,2,6,3
"214",12.2,5,25.1,"missed",1.2,1,3,0,5.9
"215",18.7,6,6.7,"missed",4.6,1,2,4,5.1
"216",2,7,21.7,"made",8.7,2,2,7,5.6
"217",13.3,8,5.2,"made",6.3,2,2,5,5
"218",16.2,9,13.6,"missed",7.1,2,2,6,3.5
"219",12.9,10,11.9,"missed",4.7,2,2,2,3.7
"220",3.4,11,6.9,"made",5.8,2,2,4,2.1
"221",1.7,12,19.2,"missed",20.1,2,2,22,3.9
"222",16.2,13,18.8,"missed",6.8,3,2,8,2.6
"223",0,14,25.2,"missed",18.7,3,3,18,4
"224",16,15,0.5,"made",0.7,4,2,0,5.3
"225",3.3,16,19.3,"made",4.8,4,2,3,6.9
"226",14,17,14.7,"made",7.2,4,2,6,3.9
"227",10,18,29.4,"missed",13.3,4,3,14,6
"228",22.4,19,5.1,"made",3.6,4,2,2,9.8
"229",4.5,20,26.2,"missed",9.5,4,3,10,4.4
"230",22.1,21,8.4,"missed",1.9,4,2,3,2.2
"231",12.5,1,23,"missed",1.2,1,3,0,12.5
"232",9.3,2,1.4,"missed",2.9,1,2,2,2.1
"233",11.9,3,4.9,"made",0.4,1,2,0,6.1
"234",19.1,4,8.8,"missed",5.4,1,2,6,0.3
"235",5.3,5,8.5,"made",13.3,2,2,16,0.8
"236",15.8,6,5.8,"missed",3.5,2,2,3,2.2
"237",17.1,7,4.1,"made",6,2,2,5,3
"238",17.5,8,8.2,"made",6,2,2,5,0
"239",7,9,24.9,"made",1.3,2,3,0,7.3
"240",21,10,2.2,"made",0,2,2,0,3.9
"241",5,11,16.9,"made",5.9,2,2,2,4.1
"242",1.1,12,17.6,"missed",3,2,2,2,4.6
"243",3.9,13,19.9,"missed",6,3,2,2,3.1
"244",21.8,14,4.7,"made",0.8,3,2,0,7.5
"245",20.4,1,24.5,"made",1,1,3,0,6.7
"246",19,2,25.6,"missed",4.5,1,3,4,3.5
"247",17.4,3,5.2,"made",1,1,2,0,4.3
"248",11.5,4,21.6,"made",2.3,2,2,2,7.5
"249",19,5,5.8,"missed",4,2,2,3,3.9
"250",2.3,6,21.2,"missed",11.2,2,2,7,4.6
"251",14.7,7,4.9,"made",7.8,2,2,8,2.8
"252",19.8,8,6.6,"made",5.8,2,2,5,4.3
"253",17.9,9,24.2,"missed",0.9,2,2,0,5.3
"254",0,10,11.9,"missed",5.1,2,2,6,2.5
"255",9.1,11,20,"missed",2.7,3,2,0,4.3
"256",7.7,12,18.1,"missed",5.7,3,2,1,3.2
"257",18.4,13,24,"missed",5.3,4,2,6,7.8
"258",8.9,14,20.6,"missed",6.9,4,2,5,5
"259",10.3,15,24.8,"missed",14,4,3,16,5.1
"260",22,16,5.6,"made",2.9,4,2,3,2.2
"261",7.3,17,27.2,"missed",4.3,4,3,0,4.9
"262",15.9,1,6.5,"made",6.8,1,2,8,1.9
"263",16,2,7.4,"missed",6.4,1,2,7,3
"264",9.8,3,2.5,"missed",12.6,1,2,14,3.3
"265",18.4,4,3.3,"made",4.4,1,2,5,1.8
"266",18.2,5,2.5,"made",5.2,1,2,6,4.2
"267",2.4,6,32,"missed",1.5,1,3,0,4.5
"268",0,7,5.4,"made",19.7,1,2,15,2.4
"269",14.8,8,16,"made",6.7,2,2,5,4.3
"270",4.5,9,18.7,"missed",2.3,2,2,0,3.8
"271",8.4,10,15.1,"missed",8.5,2,2,2,4.1
"272",12.3,11,3.8,"made",6.6,2,2,1,1.6
"273",5.4,12,27.2,"made",1.1,2,3,0,4.7
"274",15.6,13,26.4,"missed",7.2,2,3,5,5.3
"275",8,14,4.6,"made",3.7,3,2,2,2.2
"276",0.8,15,24.3,"missed",22.1,3,3,20,4.5
"277",14.9,16,21.5,"made",9.1,3,2,8,5.4
"278",0,17,12.8,"missed",3.8,3,2,2,3.9
"279",17.1,18,25.1,"missed",5.1,4,3,4,10.4
"280",13.3,19,21.7,"made",2.2,4,2,2,7.2
"281",6.2,20,4.3,"made",12.4,4,2,9,3.7
"282",11.5,21,22.6,"made",5,4,3,3,5.6
"283",2.1,22,27.9,"made",3.3,4,3,2,3.9
"284",7.8,23,22.1,"made",3.9,4,2,2,3.9
"285",13.8,24,25.6,"missed",0.9,4,3,1,3.8
"286",12.3,25,16.6,"missed",9.3,4,2,2,2.9
"287",21.9,1,6.5,"made",2.4,1,2,0,11.8
"288",13.7,2,11.5,"missed",9.1,1,2,11,3.1
"289",14.5,3,23.8,"missed",5.7,1,3,0,5.4
"290",15.9,4,3.4,"missed",7.5,2,2,7,1.8
"291",9.9,5,1.7,"made",0.6,2,2,0,5.7
"292",12.7,6,15.9,"missed",1.7,3,2,1,4.5
"293",8.2,7,22.3,"missed",4.6,3,2,0,4
"294",20,8,25.5,"missed",2.6,3,3,2,6.6
"295",17.2,9,5.9,"made",3.2,3,2,4,3
"296",18.8,10,9.5,"missed",5.6,3,2,5,2.2
"297",12.1,11,18.4,"missed",12.1,3,2,13,4.1
"298",13.4,12,18.1,"made",5,3,2,1,4
"299",0,13,24.5,"made",3.7,3,3,5,10.2
"300",14.8,14,4.3,"made",8.8,4,2,9,3.2
"301",21,15,1.4,"made",4,4,2,2,3.9
"302",20.1,16,30.2,"missed",1.1,4,3,0,6.9
"303",10.7,1,4.1,"missed",1.8,1,2,2,1.8
"304",24,2,3.4,"made",1,1,2,0,2.1
"305",6.2,3,6.8,"missed",7.9,1,2,6,3.8
"306",10.8,4,7.7,"missed",6,1,2,5,0.9
"307",12.9,5,5.2,"missed",3.1,1,2,1,1.1
"308",11.8,6,6.7,"made",12.4,1,2,12,1.7
"309",17.4,7,4.2,"made",5.4,1,2,5,6
"310",5.1,8,4.8,"made",13.7,2,2,5,3.1
"311",19.9,9,5.5,"made",2.2,2,2,2,2.4
"312",12.9,10,23,"missed",0.8,2,3,0,6.8
"313",19,11,5.6,"made",5.8,2,2,7,2
"314",6.2,12,6.6,"missed",3.1,2,2,2,2.2
"315",20.5,13,3.4,"missed",1,2,2,0,2.8
"316",2,14,19,"made",4.2,2,2,0,4.9
"317",13.3,15,6.1,"made",11,3,2,10,3.2
"318",17.2,16,29,"missed",1.4,3,3,0,7.8
"319",16.7,17,12.7,"made",6.4,3,2,6,4.9
"320",14.7,18,16.3,"missed",8.9,3,2,9,3.6
"321",5.1,19,29.5,"missed",17.5,3,3,17,2.4
"322",9.1,20,27.8,"missed",0.9,4,3,0,6.4
"323",7,21,14.7,"missed",5.6,4,2,4,2.2
"324",22.2,22,5.5,"made",1,4,2,0,7.7
"325",18.9,23,3.9,"made",5.7,4,2,3,1.8
"326",6.3,24,4.8,"missed",15.9,4,2,17,3.4
"327",18.5,1,8.4,"missed",4.6,1,2,5,1.8
"328",0.5,2,16.3,"made",8,1,2,10,4.1
"329",19.7,3,5.5,"missed",4.7,1,2,6,0.5
"330",20.9,4,2.7,"missed",1.6,1,2,1,3
"331",19.7,5,2.4,"missed",3.2,1,2,2,1.6
"332",3,6,20.5,"made",6.4,1,2,0,4.6
"333",21,7,5.8,"made",1.2,1,2,1,3.6
"334",19.4,8,21.4,"missed",4.2,2,2,7,6.5
"335",19,9,3,"made",4,2,2,4,2.4
"336",10.9,10,4.9,"made",12.3,2,2,16,2.9
"337",6.2,11,23.7,"missed",2.3,2,2,0,3.2
"338",4.5,12,9,"missed",3.6,2,2,2,5.3
"339",7.7,13,26.6,"missed",0.8,2,3,0,9.4
"340",4,14,4,"made",6,2,2,2,1.9
"341",9.7,15,17,"missed",0.8,2,2,0,4.6
"342",2.7,16,4.9,"made",21.2,2,2,24,0.8
"343",9.9,17,23.1,"missed",6.2,3,3,1,5.3
"344",10.5,18,24.7,"made",1.2,4,3,0,6.8
"345",11,19,16.5,"made",12.8,4,2,14,3.1
"346",9.1,20,27.8,"made",15,4,3,16,4.3
"347",18.8,21,23.1,"missed",0.7,4,3,0,7.2
"348",4.7,22,28.5,"missed",1.1,4,3,0,5.1
"349",5.9,23,22.3,"missed",15.8,4,2,18,5
"350",4.4,24,9.6,"missed",18.8,4,2,19,8.1
"351",7.9,25,15.1,"made",6,4,2,4,5.3
"352",14,1,4,"missed",2.8,1,2,2,2.1
"353",6.7,2,25.5,"missed",2.6,1,3,2,3.8
"354",17.3,3,6.7,"made",6.3,1,2,7,4.4
"355",0,4,7,"made",14.1,1,2,15,1
"356",11.8,5,6.2,"made",8.8,2,2,8,1.3
"357",21.7,6,3.6,"made",2.4,2,2,2,3
"358",11.1,7,5.4,"made",1.4,2,2,1,2.2
"359",21.9,8,1.7,"made",3.2,2,2,3,13
"360",22.2,9,0.5,"made",1.4,2,2,0,9.7
"361",10.7,10,4.3,"missed",5.4,3,2,3,5.8
"362",22.8,11,25,"made",0.7,3,3,0,3.5
"363",21.4,12,25.2,"made",2.2,3,3,2,2.3
"364",11.9,13,26.7,"missed",1.8,3,3,0,2.5
"365",12.4,14,20.6,"missed",2.6,3,2,0,3.8
"366",13,15,4.2,"missed",1,3,2,0,0.7
"367",19.2,1,3,"made",2.2,1,2,2,0
"368",16,2,17.2,"missed",2.9,1,2,2,4.6
"369",9,3,25.2,"missed",4.8,1,3,0,5
"370",19.1,4,7.8,"made",5.8,1,2,5,1.8
"371",0,5,9.4,"missed",5.2,1,2,5,6.1
"372",17.9,6,2.8,"made",3.1,2,2,1,0.2
"373",18.4,7,7.3,"made",4.2,2,2,4,1.7
"374",21,8,1.2,"made",1.1,2,2,0,9.3
"375",10.6,9,21.9,"missed",6.2,2,2,1,4.1
"376",17.5,10,22.1,"missed",6.4,2,3,13,4
"377",21.5,11,2.9,"made",0.7,3,2,0,2.4
"378",11.3,12,7.9,"missed",1.6,3,2,1,2.8
"379",4,13,6,"made",7.2,3,2,7,0.2
"380",1.3,14,8.4,"missed",6.5,4,2,8,4.2
"381",4.1,15,16.6,"missed",7.1,4,2,1,5.3
"382",11.7,16,8.7,"made",5.4,4,2,1,0.6
"383",13,1,20.9,"made",8.1,1,2,9,4.6
"384",10.4,2,14.9,"missed",0.9,1,2,0,3.5
"385",19.4,3,3.4,"made",1.6,1,2,0,2.6
"386",7.6,4,27,"missed",8.8,1,3,0,3.4
"387",10.7,5,4.2,"missed",13.1,1,2,13,5
"388",17,6,2.4,"made",6.6,2,2,8,1.8
"389",10.5,7,6.7,"made",3.6,2,2,1,1.3
"390",6.7,8,21.4,"missed",16.8,2,2,19,4.7
"391",19.1,9,24.7,"missed",4.5,2,3,4,5
"392",5.5,10,9.4,"missed",6.6,2,2,3,2.3
"393",19.1,11,8.5,"made",1.6,2,2,0,3.4
"394",10.1,12,2.9,"made",2.7,2,2,2,2.4
"395",14,13,0.9,"missed",1,3,2,0,2.5
"396",9,14,25.1,"missed",2.4,3,3,2,6.8
"397",3.1,15,23.7,"made",12.3,3,2,8,3.6
"398",9.3,16,12.6,"made",14.5,3,2,17,3.7
"399",10.6,17,13.9,"made",4.8,4,2,1,2.9
"400",8.8,18,15.8,"missed",2.9,4,2,0,3.3
"401",12,19,17.8,"made",5.2,4,2,2,8.3
"402",2.3,20,22.9,"missed",6.9,4,2,5,4.3
"403",3,21,5.3,"made",8.2,4,2,5,1.6
"404",3.8,22,9.7,"missed",11.2,4,2,11,3.1
"405",3.8,23,10.1,"made",0,4,2,0,2.9
"406",9.9,1,27.4,"missed",5.3,1,3,3,5
"407",18.8,2,6.1,"made",5.3,1,2,4,5.5
"408",10.7,3,5.3,"made",3.8,1,2,3,3.2
"409",1,4,25.3,"missed",7.5,1,3,0,3.9
"410",10.3,5,21.7,"made",3.5,2,2,4,4.7
"411",8.6,6,24.6,"made",3.1,2,3,0,4.7
"412",12.7,7,19,"missed",6.3,2,2,5,2.7
"413",12,8,20.8,"missed",3.3,2,2,2,4.9
"414",14.5,9,5.9,"made",5.1,2,2,5,3
"415",9.9,10,4.9,"missed",13.3,2,2,15,4.2
"416",22.9,11,7.2,"made",3.5,3,2,1,26.3
"417",17.3,12,5.5,"missed",6.4,3,2,7,2.5
"418",12,13,18.2,"missed",10.2,3,2,14,6.5
"419",0.2,14,23.5,"missed",1.2,3,3,0,5.7
"420",5.6,15,2.8,"made",0,3,2,0,2.3
"421",9.2,16,25.7,"made",9.6,4,3,9,3.5
"422",6.3,17,7.6,"missed",16.1,4,2,16,4
"423",23,18,25.4,"missed",4,4,3,1,5.5
"424",24,19,14.6,"made",0,4,2,0,9.5
"425",9,20,25.6,"missed",14.6,4,3,14,5.4
"426",11.9,21,21.5,"made",2.2,4,2,1,12.1
"427",1.5,22,26,"made",3.5,4,3,0,3.2
"428",3.5,23,20.3,"missed",13.2,4,2,15,3.3
"429",6.9,1,28.2,"missed",2.5,1,3,0,5.1
"430",3.2,2,2.7,"made",7.7,1,2,1,4.2
"431",9.6,3,21.4,"missed",2.7,2,2,0,7
"432",21.8,4,26.7,"missed",1.5,2,3,0,6.2
"433",13,5,8,"made",6.9,2,2,6,4.5
"434",13.1,6,1.7,"made",3.7,2,2,2,4.3
"435",17.7,7,8.6,"made",6,2,2,5,0
"436",21.9,8,1.7,"missed",2.5,2,2,1,4.7
"437",7.3,9,16,"made",9.8,2,2,10,6
"438",5,10,25.2,"missed",19.1,2,3,17,3.5
"439",10,11,26.8,"missed",0,3,3,0,10.9
"440",14,13,4,"made",6.8,3,2,8,2.8
"441",13,14,25.4,"made",2.6,3,3,1,7.9
"442",8.3,15,25.8,"made",9,3,3,10,5.4
"443",0,16,29.8,"missed",6.4,3,3,6,5
"444",1.1,17,10.3,"made",10,4,2,9,3
"445",7.6,18,28.9,"missed",16.3,4,3,15,3.9
"446",13,19,20.2,"missed",8.5,4,2,11,3
"447",4,20,25.3,"made",9.8,4,3,7,4.3
"448",6.5,21,2.5,"missed",18.2,4,2,13,3.3
"449",4,22,11.5,"missed",21.1,4,2,21,5.4
"450",4.4,23,20.3,"missed",17.5,4,2,17,5.1
"451",3,24,6,"made",5.3,4,2,1,1.8
"452",20.2,1,25.3,"missed",5.3,1,3,3,4.7
"453",8.2,2,4,"made",3.2,1,2,3,2.5
"454",14,3,4.6,"missed",3.6,1,2,1,3.4
"455",5.8,4,28,"made",3.7,1,3,0,4.5
"456",1.5,5,27.4,"made",0.9,1,3,0,4.1
"457",8.3,6,25,"missed",2,1,3,0,3.3
"458",8.1,7,3.4,"missed",4.6,1,2,0,0.8
"459",21.2,8,0.5,"made",3.9,2,2,4,3.5
"460",0,9,2.8,"made",0,2,2,0,0
"461",17.4,10,24.8,"missed",7.1,3,3,1,4
"462",0,11,7.3,"made",3.9,3,2,6,5.2
"463",11.7,12,3.9,"made",13.8,4,2,9,1.5
"464",15.6,13,2.8,"made",4.9,4,2,4,3
"465",12.3,14,24.7,"made",4.6,4,3,1,7.9
"466",9.1,15,3.7,"made",15.8,4,2,14,3
"467",2.4,16,25,"missed",8.3,4,3,2,4.3
"468",24,17,14.1,"made",0,4,2,0,11.3
"469",20.8,18,26.3,"missed",3.1,4,3,3,2.9
"470",14.6,1,3.9,"missed",5.4,1,2,2,2.6
"471",8.2,2,20.3,"made",5.2,1,2,1,4.3
"472",6,3,9.4,"missed",3,1,2,3,0
"473",7.9,4,25.5,"made",2.1,1,3,0,4.4
"474",10.1,5,19.7,"made",3.7,2,2,0,4.6
"475",21.7,6,28.2,"missed",0.7,2,3,0,12.5
"476",3.2,7,24.3,"missed",1.4,2,3,0,7.5
"477",4.6,8,20.2,"missed",4.5,2,2,2,3.4
"478",9.1,9,2.7,"missed",15.5,2,2,15,0.1
"479",0.3,10,33.6,"missed",4.6,2,3,0,4.1
"480",8.1,11,26,"missed",7.4,2,3,4,3.7
"481",7.2,12,20.5,"missed",4.2,3,2,1,4
"482",1.3,13,20,"missed",6,3,2,6,3.4
"483",8.8,14,3.1,"made",2.6,3,2,2,2.8
"484",11.8,15,11.5,"missed",6.1,3,2,3,3.3
"485",13.7,16,11.5,"missed",8.2,3,2,3,4.3
"486",11.6,17,7.1,"missed",12.9,3,2,14,2
"487",17.9,18,7.3,"missed",6.8,4,2,7,1.2
"488",12.9,19,24.9,"made",1.1,4,3,0,4
"489",5.1,1,19,"made",6.2,1,2,0,3.9
"490",17,2,1.6,"made",4.7,1,2,4,2.5
"491",5.8,3,18.4,"missed",7.8,1,2,1,3.7
"492",5,4,11,"missed",2.7,1,2,2,1.8
"493",8.2,5,16.5,"made",6.9,1,2,2,3.7
"494",22,6,25.2,"missed",1.1,1,3,0,5
"495",9.3,7,6,"missed",2.9,2,2,2,1.9
"496",14.8,8,1.7,"missed",0.6,2,2,0,1.2
"497",12,9,1.7,"made",0.6,2,2,0,3.3
"498",0,10,28.1,"missed",3.9,2,3,5,4.5
"499",5,11,24.8,"missed",5.8,3,3,4,4.1
"500",21.5,12,3.4,"made",3.3,3,2,1,3
"501",8,13,25.1,"missed",10.9,4,3,8,5.9
"502",21.4,14,5.2,"made",2.5,4,2,2,2.7
"503",13.4,15,17.5,"made",3.4,4,2,3,5.3
"504",9,16,6.8,"made",14.7,4,2,16,3.3
"505",12.5,17,14.4,"made",11.1,4,2,11,4.1
"506",3.8,18,7.6,"missed",20.9,4,2,23,1.9
"507",2.5,19,27.1,"missed",2.3,4,3,0,3.9
"508",6.3,20,2.5,"made",17.8,4,2,15,3.5
"509",20,1,2.3,"made",3.3,1,2,1,5.3
"510",15.9,2,7.5,"missed",6.6,1,2,7,4.8
"511",16.1,3,11.8,"made",7.6,1,2,7,4.6
"512",13,4,13,"missed",4.6,1,2,3,4.1
"513",4.2,5,23.2,"made",3.6,2,3,0,4
"514",12.6,6,6,"missed",9.9,2,2,10,2.7
"515",20.2,7,1.4,"made",1.2,2,2,0,2.5
"516",15.5,8,3.6,"missed",8.1,2,2,10,5.1
"517",14.3,9,5.3,"made",8.1,2,2,9,2.1
"518",7,10,25,"made",17.2,2,3,22,6
"519",2.7,11,23.9,"missed",15.8,2,3,16,2
"520",1.9,12,21.5,"missed",2.6,3,2,0,3.9
"521",12.1,13,25.6,"made",12.6,3,3,13,4
"522",16.1,14,29.1,"made",1.3,3,3,0,6.6
"523",18.1,15,30.3,"missed",4.4,3,3,4,6.3
"524",12.6,16,24.4,"missed",9.9,4,3,12,4
"525",9,1,18.6,"missed",4.5,1,2,1,3.2
"526",12.5,2,24.5,"made",2,1,3,1,4.1
"527",1.8,3,21.8,"missed",3.2,1,2,1,2.9
"528",15,4,22.8,"missed",4.7,1,3,0,3.8
"529",11.5,5,24.4,"made",1.7,2,3,0,3.7
"530",13.7,6,5.7,"made",10.3,2,2,10,5.9
"531",3.9,7,23.8,"missed",7.8,3,2,4,4
"532",7.4,8,4.7,"made",0.1,3,2,0,4.7
"533",11.8,9,24.5,"made",1.3,3,3,0,6
"534",11.6,10,3.6,"made",0.8,3,2,1,0.6
"535",11.3,11,25.9,"missed",1.3,3,3,0,4.5
"536",9.4,12,22,"made",2,4,2,0,4.1
"537",19,13,2.4,"made",0.3,4,2,0,5.4
"538",14.3,14,2.4,"missed",10,4,2,11,2.5
"539",2.4,15,7,"made",8.2,4,2,5,2.9
"540",9,1,4.8,"missed",2.3,1,2,2,3.8
"541",7.8,2,19.2,"missed",6.3,1,2,0,4.6
"542",5.2,3,23.1,"made",2.8,1,3,0,5
"543",15.6,4,1.7,"missed",8.2,1,2,10,4.1
"544",20,5,1.3,"made",2,1,2,1,2.6
"545",6.2,6,27.8,"missed",0.9,1,3,0,10.9
"546",19.9,7,4.3,"missed",2.4,2,2,2,3.6
"547",21,8,2.1,"made",2.5,2,2,2,4.3
"548",20.4,9,7.3,"missed",3.5,2,2,5,0.8
"549",4.9,10,16.4,"missed",2.5,3,2,2,2.6
"550",8.6,11,8.1,"missed",10.2,3,2,13,3.1
"551",19,12,8.2,"made",4.9,3,2,6,4.6
"552",1.7,13,7,"missed",21.5,3,2,26,2.3
"553",18,14,3,"missed",5,3,2,4,2.3
"554",0.6,15,14.9,"made",13.8,4,2,11,1.8
"555",15.7,16,25.9,"made",1,4,3,0,5.2
"556",19.3,17,5.8,"made",4.3,4,2,4,2.2
"557",6.1,18,25.2,"missed",11.8,4,3,0,3.9
"558",12.7,1,20.8,"missed",3.9,1,2,0,3.8
"559",5.1,2,4.2,"missed",3.2,1,2,3,1.3
"560",20.8,3,4.5,"made",0.8,1,2,0,4.9
"561",21.4,4,3.6,"made",4.3,1,2,3,1.5
"562",20.6,5,4.8,"made",2.1,1,2,1,0
"563",14.1,6,1.6,"made",2,1,2,1,0.3
"564",4.2,7,21.7,"missed",4.4,1,2,3,3.5
"565",6.3,8,25.3,"missed",1.9,2,3,2,4.6
"566",11,9,3,"made",1.2,2,2,1,3
"567",16.5,10,24.8,"missed",5.5,2,3,5,5.6
"568",8.1,11,4,"made",0.5,2,2,0,2.2
"569",18.3,12,2.9,"missed",6.2,3,2,6,1.9
"570",21.4,13,3.2,"made",1,3,2,0,2.1
"571",10.8,14,18.1,"made",3,3,2,3,4.1
"572",16.2,15,19,"missed",2.4,3,2,2,4.7
"573",16.3,16,2.7,"missed",7.3,3,2,8,1.2
"574",14.6,1,2.3,"made",0.4,1,2,0,2.7
"575",1.9,2,24.8,"made",4,1,3,1,3.2
"576",1.2,3,18.6,"missed",4.2,2,2,1,3.6
"577",6,4,5.1,"missed",6.2,2,2,4,2
"578",8.3,5,4.2,"missed",8.6,2,2,4,2.4
"579",13.9,6,23.4,"made",8.8,2,2,11,4
"580",21.2,7,2.4,"made",0.8,2,2,0,3.8
"581",2.6,8,22.3,"made",6.8,2,2,2,3.2
"582",0,9,26.1,"missed",9,2,3,9,5.5
"583",21.6,10,2.8,"made",1.1,3,2,0,7.9
"584",19,11,16.9,"made",4,3,2,4,4.9
"585",10.3,12,19.5,"missed",5.9,3,2,1,3.7
"586",9,13,6.8,"made",14,3,2,17,1.2
"587",0,14,19.3,"missed",4.8,3,2,5,3.2
"588",6.3,15,18,"made",6.1,4,2,1,4
"589",11,16,22.3,"missed",12.2,4,2,14,6.3
"590",6.6,17,15,"missed",9.4,4,2,2,2.8
"591",8.2,18,19,"made",3.1,4,2,1,4.5
"592",6,19,26,"made",8.7,4,3,3,4.5
"593",9.6,1,1.9,"made",0.1,1,2,0,2.9
"594",5.3,2,4.9,"made",10.1,1,2,2,2.9
"595",10.4,3,10.3,"missed",11.2,1,2,13,3.9
"596",19.9,4,9.7,"made",2.7,1,2,3,2.2
"597",15.7,5,10.9,"made",2.3,1,2,2,2.8
"598",4.1,6,19.8,"missed",5.9,1,2,1,2.9
"599",14,7,17.9,"made",3.2,1,2,2,9.7
"600",21.8,8,5.4,"made",1,1,2,1,7.6
"601",11.2,9,2.4,"missed",6.9,1,2,3,1.8
"602",9.2,10,20.9,"made",3.9,1,2,0,4.5
"603",18,11,8.7,"made",5.9,1,2,9,4.6
"604",21,12,4.4,"made",0.7,2,2,0,3.4
"605",1,13,23.6,"missed",9,2,2,1,3.4
"606",18,14,2.2,"made",5.1,2,2,7,3.5
"607",1.5,15,7.8,"missed",5.6,3,2,5,3.1
"608",17,16,1.7,"made",0.5,3,2,0,2.9
"609",12.1,17,12.2,"missed",9.1,3,2,9,3
"610",4.2,18,22.6,"made",8,3,2,1,4.5
"611",0.6,19,14.1,"made",8.1,3,2,10,5.1
"612",5.6,20,21.6,"made",6.9,3,2,0,3.9
"613",5,21,24.5,"made",4.9,3,3,0,3.4
"614",11.3,22,25.1,"made",6.6,4,3,5,4.1
"615",7.7,23,9.2,"made",15.8,4,2,17,5
"616",4.3,24,18.6,"missed",9.1,4,2,11,3.5
"617",10.4,1,4,"made",6.6,1,2,1,1.9
"618",16,2,4.6,"made",5,1,2,6,2.3
"619",6.1,3,6.7,"missed",2.4,1,2,2,2.8
"620",7,4,16.8,"made",5,1,2,3,3.1
"621",13,5,0.1,"missed",4.4,1,2,2,3.4
"622",9.9,6,14.4,"missed",4,1,2,3,3.5
"623",17.5,7,6.6,"made",3.8,2,2,3,1.3
"624",15,8,24.3,"missed",1,2,3,0,9
"625",5.3,9,17.1,"made",2.8,2,2,1,3.9
"626",21.9,10,0.8,"made",3.3,2,2,2,18.7
"627",3,11,5.9,"made",10.5,2,2,12,3.2
"628",10.3,12,25.8,"made",1.2,3,3,0,4.4
"629",8.6,13,9.8,"made",2.9,3,2,2,3.4
"630",16.2,14,18.7,"made",8.4,3,2,9,8.2
"631",8.6,15,19.3,"missed",6.7,4,2,2,4.2
"632",11.3,16,10,"made",10.3,4,2,11,2.9
"633",14.1,17,5.9,"missed",9.9,4,2,11,3.5
"634",19.9,18,22.9,"missed",1.1,4,3,0,4.1
"635",3.3,19,27.4,"missed",4.1,4,3,0,4.9
"636",14.5,20,10.8,"missed",6.5,4,2,6,5.2
"637",3,21,25,"made",0.8,4,3,0,6.3
"638",2.3,1,25.9,"made",2.1,1,3,1,5.6
"639",3.2,2,19.2,"missed",3.9,1,2,0,3.4
"640",16,3,24.8,"missed",7.6,1,3,10,4
"641",7.2,4,20.6,"missed",5,1,2,3,6.3
"642",21.1,5,4.4,"made",1,1,2,0,5.6
"643",4.7,6,4.6,"made",6.6,1,2,3,3.9
"644",3.7,7,10.1,"missed",18.6,2,2,18,4.2
"645",13,8,4.4,"missed",3,3,2,0,2.4
"646",2.2,9,11,"made",3.2,3,2,3,9.1
"647",6,10,17.7,"made",4,3,2,1,4.9
"648",18,11,2.4,"made",4.5,3,2,4,5.3
"649",11,12,15.3,"made",12,3,2,15,4.8
"650",14.7,13,25.3,"missed",2.4,3,3,2,10.2
"651",20.4,14,5.3,"missed",4.8,3,2,3,3.4
"652",16.6,15,6.3,"missed",6,4,2,8,2.3
"653",7,16,23.2,"made",7.8,4,2,5,2.9
"654",5.3,17,15.8,"missed",7.2,4,2,1,2.7
"655",9.6,1,6,"made",1.9,1,2,1,0.2
"656",4.5,2,19.9,"missed",3.6,1,2,3,4.6
"657",4.4,3,5.8,"missed",17.2,1,2,18,2.3
"658",7.7,4,20.2,"missed",4.4,2,2,2,4.6
"659",16.3,5,24.1,"missed",7.6,2,3,7,4.7
"660",3.9,6,5.1,"made",0,2,2,0,2
"661",3.1,7,20.8,"missed",1.5,2,2,0,6
"662",16.1,8,2.8,"made",0.6,2,2,0,4.5
"663",7.9,9,20.5,"missed",8.1,3,2,6,3.7
"664",10.7,10,12.9,"made",4,3,2,4,4.7
"665",15.3,11,4.8,"missed",7.1,3,2,9,2.5
"666",18.9,12,24.8,"made",4.8,3,3,0,15.2
"667",17.7,13,23,"made",0.8,3,3,0,5.1
"668",3.5,14,26.5,"missed",12.1,3,3,3,3.9
"669",12,15,2.4,"made",0.8,4,2,0,0.4
"670",12.4,16,7.9,"made",10.6,4,2,12,1.6
"671",5.4,17,19.8,"made",18.6,4,2,21,4.9
"672",4.9,18,5.6,"missed",17.2,4,2,19,4
"673",5.2,1,15,"missed",2.4,1,2,2,4.7
"674",12.8,2,2.7,"made",1.3,1,2,1,1.9
"675",11.8,3,7.8,"missed",6,1,2,1,3.7
"676",17.7,4,14.1,"made",2.2,1,2,3,2.2
"677",20.6,5,25.1,"missed",3.7,1,3,3,4.7
"678",0,6,33.2,"missed",2.6,1,3,1,4.1
"679",10.1,7,2.7,"missed",5.4,2,2,4,2.3
"680",22.9,8,2,"missed",0.4,2,2,0,0.7
"681",4.7,9,25.6,"missed",2.8,3,3,1,7.2
"682",17,10,25,"missed",0.8,3,3,0,6.8
"683",18.3,11,3.3,"made",4,3,2,4,3.5
"684",11.2,12,3.6,"made",1.8,3,2,1,3.7
"685",9,13,15.4,"made",1.2,4,2,0,8.1
"686",12.9,14,27.3,"made",0.7,4,3,0,5.2
"687",20.5,15,2.1,"made",1.7,4,2,0,53.2
"688",15.7,16,10.5,"missed",1.1,4,2,0,2.8
"689",7.8,17,27.3,"missed",3.7,4,3,0,4.9
"690",16.9,1,19.9,"missed",8.1,1,2,8,6.1
"691",5.1,2,23.9,"missed",1.4,1,2,1,3
"692",0,3,13.9,"missed",2.2,1,2,2,8.2
"693",3.8,4,7.1,"made",5.2,2,2,5,0.9
"694",20.4,5,24.7,"missed",2.8,2,3,2,5.6
"695",21.8,6,19.5,"made",2.8,2,2,4,4.8
"696",20.8,7,5,"missed",3,2,2,2,1.1
"697",7,8,25.4,"missed",16.6,2,3,18,6.7
"698",9.6,9,8.4,"made",7,3,2,6,4.5
"699",5.3,10,11.2,"missed",2.9,3,2,4,3.4
"700",9,11,17.6,"made",4.3,4,2,0,4.1
"701",11.3,12,24.6,"missed",1.2,4,3,0,7.1
"702",15.6,13,4,"made",3,4,2,2,5.8
"703",18.3,14,4.5,"made",6.4,4,2,7,2.1
"704",2,15,27.4,"missed",1.1,4,3,0,6
"705",9.5,1,20.6,"missed",6,1,2,2,5.4
"706",12.1,2,4.3,"made",1,1,2,1,3.5
"707",22.4,3,5.7,"made",2.8,1,2,1,3
"708",16,4,8.3,"missed",0.8,1,2,0,2.7
"709",19.9,5,25.2,"missed",4,1,3,5,3.7
"710",0,6,14.5,"made",8,1,2,9,3.6
"711",3.7,7,16.4,"missed",4.2,2,2,2,4.4
"712",7,8,12.4,"missed",0,2,2,0,0
"713",8.3,9,18.2,"missed",2.6,2,2,2,6.6
"714",13.2,10,7.7,"missed",10.9,2,2,10,3.8
"715",20.7,11,2.5,"made",0,2,2,0,3.8
"716",20.7,12,3.2,"missed",1.8,3,2,1,3.3
"717",11.3,13,16.6,"made",11.7,3,2,13,5.8
"718",14.7,14,2.3,"made",9.6,3,2,11,1.9
"719",7.3,15,3.2,"made",3.2,3,2,2,1.8
"720",3.7,16,3.4,"made",19.3,3,2,25,2.7
"721",10.5,17,16.8,"made",12.7,3,2,13,5.4
"722",3.4,18,6.9,"missed",21.2,3,2,21,2.9
"723",20,1,24.7,"missed",1,1,3,0,8.7
"724",1.5,2,22.9,"missed",9,1,3,8,6.2
"725",0.6,3,21.8,"missed",7.3,1,2,5,3.4
"726",19.5,4,3.6,"made",4.3,1,2,4,2.2
"727",4.1,5,23.8,"made",6,1,3,1,4.2
"728",2.3,6,22.5,"made",3.5,2,2,0,4.9
"729",14.4,7,3.6,"made",10.2,2,2,10,3.9
"730",19.3,8,24.4,"missed",4.5,2,3,5,5.7
"731",0,9,44.9,"missed",0.4,2,3,0,9.4
"732",13.1,10,5.8,"missed",10.3,3,2,12,1.2
"733",8.1,11,2.5,"made",1.1,3,2,1,0
"734",5.1,12,8.7,"made",19.2,3,2,22,3.4
"735",1.2,13,15.7,"missed",9.1,4,2,7,4.5
"736",11.3,14,12.3,"made",3.8,4,2,3,3.8
"737",6.5,1,5.7,"missed",5.4,1,2,5,1.8
"738",21,2,5.1,"made",1.6,1,2,1,1.2
"739",21.6,3,4,"made",1.2,1,2,0,5
"740",13.6,4,22.5,"made",4,1,3,0,2.5
"741",13.4,5,25.2,"missed",2.1,1,3,1,4.6
"742",21.4,6,4.4,"made",1.1,1,2,0,5.5
"743",11.8,7,21.7,"missed",0.7,1,2,0,5.4
"744",1.9,8,6.6,"missed",22.1,1,2,24,2.3
"745",20.5,9,21.7,"missed",2.1,2,2,1,4.6
"746",15,10,2.4,"made",0.4,2,2,0,2.1
"747",11.2,11,3.5,"made",0.8,2,2,0,2.7
"748",2.3,12,15.7,"made",21.6,2,2,25,2.5
"749",2.8,13,22.2,"missed",3.1,3,2,2,3.3
"750",21.6,14,6.5,"made",1.4,3,2,1,9
"751",8.9,15,24.7,"missed",15.5,3,3,15,4.3
"752",12.6,16,26.8,"made",11.6,3,3,12,4.6
"753",14.6,17,16.6,"missed",9.4,3,2,10,3.6
"754",1.2,1,20.9,"missed",5.8,1,2,5,3.7
"755",5.8,2,4.9,"made",3.6,1,2,1,1.9
"756",20.6,3,25.1,"made",0.9,1,3,0,6.9
"757",16,4,4.4,"made",2.2,2,2,2,2.6
"758",5.7,5,8,"made",7.1,2,2,8,1.2
"759",8.8,6,23.4,"missed",0.9,2,3,0,3.4
"760",3.2,7,24.3,"missed",3.4,3,3,2,6
"761",21,8,2.7,"missed",1.3,3,2,1,0.1
"762",16.5,9,15,"missed",2.5,3,2,1,2.2
"763",4.9,10,24.4,"missed",3,3,3,0,3.6
"764",17,11,11.8,"made",7,3,2,8,4.1
"765",10.6,12,3.2,"made",1.8,4,2,1,3.4
"766",2.9,1,25.7,"missed",1.7,1,3,1,5.8
"767",3.8,2,16.3,"made",5.9,1,2,3,3.1
"768",20.9,3,5.4,"missed",2.3,1,2,2,1.4
"769",20.5,4,2.7,"made",0.9,1,2,0,1.3
"770",6.4,6,19.5,"missed",7.5,1,2,6,2.9
"771",10.7,7,25.2,"made",13.6,1,3,12,6.6
"772",1,8,6.2,"made",11,1,2,13,2.4
"773",15.1,9,7.7,"missed",9.5,1,2,9,0.4
"774",4.4,10,10.4,"missed",13,1,2,11,3.3
"775",9.7,11,24.9,"made",10.4,2,3,12,5.4
"776",20.5,12,24.2,"missed",3.4,2,3,3,5.3
"777",10,13,24.3,"missed",13.7,2,3,15,10.9
"778",20.4,14,15.9,"made",0.9,3,2,1,2.7
"779",5.2,15,26.1,"missed",1,3,3,0,8.1
"780",8.9,16,24.5,"missed",3.4,3,3,3,6.7
"781",20.8,17,4.9,"made",0.9,3,2,0,3.9
"782",12.5,18,4.1,"missed",11.8,3,2,15,1.4
"783",10.2,19,10.2,"missed",7.1,4,2,5,3.9
"784",4.8,20,23.3,"missed",4,4,2,3,3
"785",16.9,21,4.7,"missed",5.7,4,2,5,2.9
"786",14.7,1,25,"made",3,1,3,1,5.9
"787",9.7,2,15.1,"missed",4.3,1,2,3,4.5
"788",19.1,3,25.2,"made",6.2,1,3,6,4.1
"789",20.2,4,1.6,"made",1.7,1,2,1,4
"790",16.8,5,21.6,"missed",5.6,1,2,5,5
"791",0.2,6,19.5,"missed",9.6,2,2,5,1.1
"792",8.1,7,21.4,"missed",3.4,2,2,0,4.9
"793",13.2,8,3.9,"missed",2.8,2,2,3,3.5
"794",7.8,9,1,"made",4.6,2,2,2,3.3
"795",5.2,10,25,"missed",6.8,2,3,8,4.2
"796",12.5,11,9.6,"missed",9.6,3,2,9,2.2
"797",7.4,12,13.6,"missed",17.1,3,2,19,5
"798",6,13,3,"made",9.4,3,2,11,2
"799",14.2,14,6.6,"missed",9.9,4,2,13,2.3
"800",14.9,15,1.6,"missed",0,4,2,0,1.5
"801",4.3,16,5.9,"missed",3.3,4,2,3,3
"802",12,17,6.4,"made",11.5,4,2,14,1.6
"803",21.3,1,5.7,"missed",3.9,1,2,3,1.3
"804",5.8,2,18.4,"missed",8.8,1,2,2,4.2
"805",10.9,3,25.1,"missed",0.8,1,3,0,5.6
"806",14.4,4,18.9,"missed",6.7,1,2,11,5.5
"807",10.9,5,5.9,"missed",2.8,1,2,2,2.1
"808",22,6,2.4,"made",3.1,1,2,2,6.1
"809",5,7,1.8,"made",6.9,2,2,3,0.7
"810",22.3,8,4.5,"made",0.7,2,2,1,2.1
"811",7.6,9,25.2,"missed",15.7,2,3,16,6
"812",11.9,10,25.4,"made",2.1,3,3,2,4.7
"813",5,11,7.2,"made",6.2,3,2,6,3.2
"814",13.8,12,20.2,"made",6.9,3,2,3,5.4
"815",14.9,13,20,"missed",9.4,3,2,12,3.7
"816",1,14,8.8,"missed",10.1,4,2,6,2.8
"817",14.3,15,25.1,"missed",1.2,4,3,0,5.5
"818",16.7,16,2.8,"made",7.6,4,2,9,2.8
"819",18.3,17,4,"made",5.7,4,2,6,2.1
"820",22,18,6.2,"missed",4,4,2,2,1
"821",17.1,1,25.2,"made",6.1,1,3,8,6
"822",10,2,26.1,"made",0.8,1,3,0,4.6
"823",21.8,3,7.9,"made",0.9,1,2,0,1.6
"824",9.9,4,24.1,"made",1,1,3,0,8.3
"825",12,5,5.9,"missed",3.5,1,2,4,1.9
"826",11.9,6,9.7,"missed",9.6,2,2,12,1.5
"827",13.1,7,2.1,"made",0.9,2,2,0,1.9
"828",4.9,8,5.5,"missed",0.7,2,2,0,1.6
"829",4.5,9,25,"made",6.3,2,3,5,2.2
"830",18.6,10,28.8,"missed",5.3,2,3,9,6.9
"831",9,11,18.3,"made",5.1,3,2,1,4.1
"832",3.9,12,20.4,"made",4.6,3,2,0,3.9
"833",13.6,13,19,"missed",3.4,3,2,6,3.1
"834",19.2,14,2.1,"made",3,3,2,0,1.2
"835",11.2,15,4.4,"made",1.8,3,2,2,2
"836",11,16,6.1,"missed",0.9,3,2,0,2.9
"837",23,17,8.5,"missed",1.2,3,2,1,1.6
"838",18.1,18,3.4,"made",5.6,3,2,5,4.4
"839",21.6,19,5.7,"made",2.4,3,2,2,2.2
"840",11,20,1.8,"made",0,3,2,0,2.1
"841",19,1,7,"missed",5.5,1,2,6,2.3
"842",18.5,2,26.1,"made",1.2,1,3,0,8.5
"843",21.8,3,3.3,"made",0.7,1,2,0,3.1
"844",14.3,4,29.8,"missed",1.1,1,3,1,7.3
"845",20.7,5,4.1,"missed",4.4,1,2,4,7.4
"846",5.4,6,7.3,"made",5.8,1,2,3,3.1
"847",13.1,7,4,"missed",2.2,1,2,2,2
"848",8.9,8,23.6,"missed",2.1,1,3,0,5.5
"849",10.8,9,1.8,"made",0.9,2,2,0,3.6
"850",7.9,10,9.3,"made",5.3,2,2,6,3.5
"851",21.8,11,3.3,"missed",1,2,2,0,3.1
"852",8.9,12,7.1,"made",12.7,2,2,17,2.3
"853",14.8,13,18.6,"made",8.4,2,2,12,5.3
"854",15.4,14,25.1,"made",2.4,2,3,2,4.5
"855",15.5,15,25.2,"missed",5,2,3,4,4.5
"856",22,16,3.1,"made",0.8,2,2,0,8.3
"857",4.3,17,22.1,"missed",5.9,3,2,3,4.2
"858",5.5,18,26.5,"missed",0.9,3,3,0,7.9
"859",5.1,19,0.7,"made",8.8,3,2,8,2.1
"860",21.7,20,24.7,"made",0.9,3,3,0,12.1
"861",8,21,15.9,"missed",3.4,3,2,5,4.5
"862",19.7,22,3.7,"made",3.2,3,2,4,4.5
"863",11.6,23,27.7,"missed",1.2,4,3,0,5.5
"864",18.7,24,3.6,"made",5,4,2,6,4.6
"865",3.5,25,12.8,"made",11.9,4,2,16,2.5
"866",14.8,26,5.5,"made",9.2,4,2,9,5.7
"867",13.7,27,4.3,"made",9.6,4,2,9,2.4
"868",19.6,1,6.9,"missed",4.8,1,2,5,2.2
"869",20.9,2,3.8,"made",2.9,1,2,2,7.3
"870",7.2,3,25.1,"missed",1,1,3,0,4.3
"871",2.5,4,23.4,"missed",6.4,1,2,6,5
"872",9,5,6.7,"made",9.1,2,2,9,1.9
"873",6.9,6,4.5,"made",0.8,2,2,0,3.7
"874",18.5,7,4.5,"missed",6.2,2,2,7,1.1
"875",7.9,8,9.1,"made",2.9,3,2,3,1.6
"876",9.1,9,3,"made",3.2,3,2,3,2.7
"877",20.4,10,1.9,"made",3.5,3,2,5,3
"878",19.6,11,5.4,"missed",4.1,3,2,5,0
"879",8.4,12,25.4,"made",3.7,3,3,2,4.8
"880",0,13,4.4,"made",0.7,3,2,0,4.4
"881",5.8,14,25.3,"missed",12.5,4,3,10,4.2
"882",11.1,15,16.1,"made",13.2,4,2,14,3.3
"883",6.4,16,4.2,"missed",5.5,4,2,3,2.1
"884",4.4,17,18.6,"missed",5.9,4,2,1,6.1
"885",14,1,23,"missed",1.2,1,3,0,7.3
"886",5.3,2,16.7,"missed",6.9,2,2,3,4.5
"887",7.9,3,28,"missed",3.1,2,3,1,6.5
"888",5,4,21,"missed",6.4,2,2,7,5
"889",22.8,5,11.4,"missed",1.1,2,2,0,2.9
"890",7.1,6,6.1,"missed",13.6,2,2,12,2.6
"891",19.2,7,3.2,"made",3.7,2,2,5,2
"892",21.4,8,25.2,"made",1.2,2,3,0,12.3
"893",2.6,9,24.5,"missed",1.9,3,3,1,6.9
"894",3,10,22,"missed",3.5,3,2,1,3.5
"895",20.5,11,8,"made",3.1,3,2,5,2.6
"896",16.9,12,6.4,"made",6.1,3,2,8,2.6
"897",9.4,13,19.6,"made",2.4,4,2,0,4.2
"898",9.2,14,3.5,"made",15.1,4,2,16,2.2
"899",4.5,15,18.6,"missed",11.6,4,2,8,4.2
"900",5.7,16,24.8,"missed",1,4,3,0,7.6
"901",6.9,17,4.2,"made",16.4,4,2,20,3.6
"902",8.1,18,3,"made",15.9,4,2,15,3.6
"903",0,1,5.7,"missed",0,1,2,0,0
"904",15,2,1.7,"missed",3.8,1,2,0,0.7
"905",9.2,3,1.9,"made",0.7,1,2,0,2.2
"906",15.2,4,8.9,"made",9.1,1,2,10,2
"907",11.8,5,20.2,"missed",6.5,1,2,3,4.5
"908",20.9,6,2.8,"made",2.6,2,2,3,3.9
"909",21.4,7,7.8,"made",2.3,2,2,3,2.2
"910",21,8,2.2,"missed",4.2,2,2,4,4.2
"911",13.8,9,5.4,"missed",10.1,2,2,12,2.5
"912",6.1,10,25.6,"made",2.4,3,3,1,4.3
"913",2.7,11,26.2,"missed",3.3,3,3,3,4.7
"914",4.1,12,24.4,"made",1.3,3,3,0,4.3
"915",5.9,13,1.3,"missed",19.1,3,2,19,1.9
"916",2.4,14,10.2,"missed",4.3,4,2,5,1.5
"917",9.5,15,18.8,"made",3.7,4,2,2,5.4
"918",2.9,16,26.2,"missed",8,4,3,1,4.8
"919",20.9,17,3.6,"missed",3.1,4,2,2,0.7
"920",0,18,23.5,"made",3,4,3,1,3.1
"921",8.3,1,2.8,"made",4.6,1,2,0,2.9
"922",6.1,2,24.5,"made",11.2,1,3,6,3.4
"923",1.2,3,30.5,"made",1.7,1,3,1,7
"924",16.9,4,3.9,"missed",5.2,1,2,2,2.7
"925",14,5,2.1,"missed",4.2,1,2,1,1.5
"926",10.2,6,24.1,"missed",2.1,2,3,0,4.5
"927",7,7,12.2,"made",9.2,2,2,2,1.3
"928",10.3,8,25.1,"missed",1.2,2,3,0,4.1
"929",18.9,9,8.1,"missed",4.6,3,2,0,4.2
"930",16.4,10,8.7,"missed",6.6,3,2,7,2.1
"931",8.9,11,9.3,"missed",3.8,4,2,3,5.5
"932",9.9,12,11,"missed",3.5,4,2,2,3.1
"933",16.9,1,17.7,"made",6,1,2,3,3.3
"934",7.5,2,21.7,"made",2.7,1,2,0,5
"935",12.7,3,11,"made",2.6,1,2,3,2.6
"936",13.9,4,9.9,"missed",2.3,1,2,3,3.1
"937",16.8,5,19.9,"missed",0.8,1,2,0,5.3
"938",6.3,6,9.1,"made",7,1,2,3,3.9
"939",3.3,7,13.2,"missed",2.5,1,2,2,4.3
"940",17.5,8,20.8,"missed",6.9,1,2,5,11.5
"941",22.1,9,23.5,"made",1.1,1,3,0,3.7
"942",2.9,10,5.9,"missed",15.1,1,2,17,3.3
"943",15.7,11,2.8,"missed",8,2,2,4,1.9
"944",2.8,12,1.3,"made",7.2,2,2,4,3.5
"945",13,13,5.1,"missed",9.6,2,2,8,2.1
"946",21.5,14,1.2,"made",2.8,2,2,2,3.9
"947",21.5,15,5.6,"made",1.2,2,2,1,0.8
"948",19.8,16,11.2,"made",4.6,2,2,2,3.2
"949",0,17,7.1,"missed",22.9,2,2,23,2
"950",21,18,3.9,"made",1,3,2,0,4.9
"951",3.9,19,22.3,"made",5.8,3,2,1,4.7
"952",14.2,20,5.5,"missed",9.2,4,2,11,1.2
"953",8.8,21,23.3,"missed",5.6,4,3,3,1.5
"954",16.9,22,5.4,"missed",7.4,4,2,7,1.8
"955",17.8,23,2.8,"made",0.4,4,2,0,1.9
"956",11.4,24,24.2,"missed",1.4,4,3,0,4.3
"957",10.1,25,3.4,"made",10.9,5,2,10,3.8
"958",24,26,14.3,"made",0,5,2,0,11.6
"959",4.4,27,15.3,"missed",18.2,5,2,21,2.2
"960",8.2,28,3.2,"missed",13.9,5,2,4,2.8
"961",4.5,29,17.6,"missed",19.5,5,2,20,3.1
"962",5.1,30,17.6,"missed",6.1,5,2,2,9.4
"963",17.1,1,21.8,"missed",6.9,1,2,7,4.7
"964",20.4,2,0.3,"made",1.6,1,2,1,2.2
"965",6.4,3,8.7,"missed",7.9,1,2,6,3
"966",11.3,4,21.1,"missed",1,1,3,0,2.1
"967",21.8,5,24.7,"missed",1,1,3,0,12.8
"968",6.6,6,9.8,"missed",9.7,2,2,8,2.2
"969",6.9,7,27.1,"missed",2.3,2,3,0,4.3
"970",15.5,8,5.2,"missed",5,2,2,3,1.1
"971",6,9,11.7,"missed",6,2,2,3,3
"972",2.1,10,25.5,"made",1,3,3,0,4.5
"973",23,11,3.8,"made",1.1,3,2,0,8.1
"974",18.6,12,10.5,"missed",5.9,3,2,4,6.2
"975",8,13,27.5,"missed",1.7,4,3,0,4.5
"976",22,14,0.9,"made",0.7,4,2,0,3.6
"977",21.5,15,4.2,"made",2.5,4,2,1,1.1
